{"train_loss": 0.0017318844329565763, "_timestamp": 1711863744.8129747, "_runtime": 46039.85301065445, "_step": 15482, "eval_accuracy0": 75.72815533980582, "eval_accuracy5": 70.87378640776699, "eval_accuracy10": 66.01941747572816, "eval_accuracyN": -24.271844660194176, "train_accuracy0": 70.87378640776699, "train_accuracy5": 70.87378640776699, "train_accuracy10": 70.87378640776699, "train_accuracyN": 70.87378640776699}