{"train_loss": 8.099183105514385e-06, "_timestamp": 1711868223.3276193, "_runtime": 50518.36765527725, "_step": 16753, "eval_accuracy0": 76.69902912621359, "eval_accuracy5": 76.69902912621359, "eval_accuracy10": 76.69902912621359, "eval_accuracyN": 76.69902912621359, "train_accuracy0": 76.69902912621359, "train_accuracy5": 76.69902912621359, "train_accuracy10": 76.69902912621359, "train_accuracyN": 76.69902912621359}