{"train_loss": 0.010096331126987934, "_timestamp": 1711820058.8548992, "_runtime": 2353.894935131073, "_step": 947, "eval_accuracy0": 72.81553398058253, "eval_accuracy5": 53.398058252427184, "eval_accuracy10": 33.980582524271846, "eval_accuracyN": -327.18446601941747, "train_accuracy0": 74.75728155339806, "train_accuracy5": 65.0485436893204, "train_accuracy10": 55.33980582524271, "train_accuracyN": -125.24271844660196}