{"train_loss": 0.0076958127319812775, "_timestamp": 1711820998.5437775, "_runtime": 3293.583813428879, "_step": 1263, "eval_accuracy0": 71.84466019417476, "eval_accuracy5": 47.57281553398058, "eval_accuracy10": 23.300970873786408, "eval_accuracyN": -428.1553398058253, "train_accuracy0": 76.69902912621359, "train_accuracy5": 76.69902912621359, "train_accuracy10": 76.69902912621359, "train_accuracyN": 76.69902912621359}