{"train_loss": 0.007494799792766571, "_timestamp": 1711819115.0271018, "_runtime": 1410.0671377182007, "_step": 631, "eval_accuracy0": 70.87378640776699, "eval_accuracy5": 61.165048543689316, "eval_accuracy10": 51.45631067961165, "eval_accuracyN": -129.12621359223303, "train_accuracy0": 71.84466019417476, "train_accuracy5": 62.13592233009708, "train_accuracy10": 52.42718446601942, "train_accuracyN": -128.15533980582526}