{"train_loss": 0.011443682946264744, "_timestamp": 1711956604.5274706, "_runtime": 3198.1674706935883, "_step": 2525, "eval_accuracy0": 76.69902912621359, "eval_accuracy5": 76.69902912621359, "eval_accuracy10": 76.69902912621359, "eval_accuracyN": 76.69902912621359, "train_accuracy0": 74.75728155339806, "train_accuracy5": 65.0485436893204, "train_accuracy10": 55.33980582524271, "train_accuracyN": -125.24271844660196, "_wandb": {"runtime": 3847}}