{"train_loss": 0.00010231752821709961, "_timestamp": 1717470311.3080282, "_runtime": 15389.426789283752, "_step": 9044, "_wandb": {"runtime": 20595}}