{"train_loss": 0.00011566964531084523, "_timestamp": 1717463448.854271, "_runtime": 8526.97303199768, "_step": 6029}