{"train_loss": 0.05196598917245865, "_timestamp": 1712024362.8784869, "_runtime": 360.81342482566833, "_step": 358}