{"train_loss": 0.03929726779460907, "_timestamp": 1712024357.9186814, "_runtime": 355.8536193370819, "_step": 353}