{"train_loss": 0.00043731590267270803, "_timestamp": 1712038438.0817344, "_runtime": 14436.016672372818, "_step": 10945, "eval_accuracy0": 75.72815533980582, "eval_accuracy5": 70.87378640776699, "eval_accuracy10": 66.01941747572816, "eval_accuracyN": -24.271844660194176, "train_accuracy0": 76.69902912621359, "train_accuracy5": 76.69902912621359, "train_accuracy10": 76.69902912621359, "train_accuracyN": 76.69902912621359, "_wandb": {"runtime": 15239}}