{"train_loss": 0.00010331383236916736, "_timestamp": 1713214655.2923825, "_runtime": 11886.371650457382, "_step": 11049, "eval_accuracy0": 75.0, "eval_accuracy5": 75.0, "eval_accuracy10": 75.0, "eval_accuracyN": 75.0, "train_accuracy0": 78.84615384615384, "train_accuracy5": 78.84615384615384, "train_accuracy10": 78.84615384615384, "train_accuracyN": 78.84615384615384, "_wandb": {"runtime": 12630}}