{"train_loss": 0.00025389521033503115, "_timestamp": 1711868109.0429127, "_runtime": 43427.52389764786, "_step": 17063, "eval_accuracy0": 75.72815533980582, "eval_accuracy5": 70.87378640776699, "eval_accuracy10": 66.01941747572816, "eval_accuracyN": -24.271844660194176, "train_accuracy0": 76.69902912621359, "train_accuracy5": 76.69902912621359, "train_accuracy10": 76.69902912621359, "train_accuracyN": 76.69902912621359}