{"train_loss": 0.0022380659356713295, "_timestamp": 1711945993.6489475, "_runtime": 51421.5228664875, "_step": 22677, "eval_accuracy0": 71.84466019417476, "eval_accuracy5": 47.57281553398058, "eval_accuracy10": 23.300970873786408, "eval_accuracyN": -428.1553398058253, "train_accuracy0": 73.7864077669903, "train_accuracy5": 59.22330097087378, "train_accuracy10": 44.66019417475729, "train_accuracyN": -226.2135922330097}