{"trains": 1, "train_loss": 4.362907409667969, "_timestamp": 1711792272.9773126, "_runtime": 22.475648641586304, "_step": 1, "_wandb": {"runtime": 22}}