{"train_loss": 12.130316734313965, "_timestamp": 1711949354.178244, "_runtime": 28.87305521965027, "_step": 0, "_wandb": {"runtime": 28}}