{"train_loss": 0.0057909549213945866, "_timestamp": 1711958168.4784, "_runtime": 3178.532994031906, "_step": 2525, "eval_accuracy0": 71.84466019417476, "eval_accuracy5": 52.42718446601942, "eval_accuracy10": 33.00970873786408, "eval_accuracyN": -328.15533980582524, "train_accuracy0": 75.72815533980582, "train_accuracy5": 75.72815533980582, "train_accuracy10": 75.72815533980582, "train_accuracyN": 75.72815533980582, "_wandb": {"runtime": 3801}}