{"train_loss": 7.753329555271193e-05, "_timestamp": 1713219367.948183, "_runtime": 12389.64486002922, "_step": 11049, "eval_accuracy0": 75.0, "eval_accuracy5": 75.0, "eval_accuracy10": 75.0, "eval_accuracyN": 75.0, "train_accuracy0": 78.84615384615384, "train_accuracy5": 78.84615384615384, "train_accuracy10": 78.84615384615384, "train_accuracyN": 78.84615384615384, "_wandb": {"runtime": 13147}}