{"train_loss": 0.004248104058206081, "_timestamp": 1711953947.058328, "_runtime": 2313.7341430187225, "_step": 2525, "eval_accuracy0": 74.75728155339806, "eval_accuracy5": 69.90291262135922, "eval_accuracy10": 65.0485436893204, "eval_accuracyN": -25.24271844660194, "train_accuracy0": 75.72815533980582, "train_accuracy5": 70.87378640776699, "train_accuracy10": 66.01941747572816, "train_accuracyN": -24.271844660194176, "_wandb": {"runtime": 2819}}