{"train_loss": 9.719649314880371, "_timestamp": 1711949322.1422522, "_runtime": 18.39463520050049, "_step": 0, "_wandb": {"runtime": 18}}