{"train_loss": 0.0006742079276591539, "_timestamp": 1711953975.6918964, "_runtime": 2343.2552564144135, "_step": 2525, "eval_accuracy0": 72.81553398058253, "eval_accuracy5": 53.398058252427184, "eval_accuracy10": 33.980582524271846, "eval_accuracyN": -327.18446601941747, "train_accuracy0": 67.96116504854369, "train_accuracy5": 29.126213592233007, "train_accuracy10": -9.70873786407767, "train_accuracyN": -732.0388349514564, "_wandb": {"runtime": 2854}}