{"train_loss": 0.0012982432963326573, "_timestamp": 1711873777.3728585, "_runtime": 4863.768303632736, "_step": 1895, "eval_accuracy0": 73.7864077669903, "eval_accuracy5": 59.22330097087378, "eval_accuracy10": 44.66019417475729, "eval_accuracyN": -226.2135922330097, "train_accuracy0": 76.69902912621359, "train_accuracy5": 76.69902912621359, "train_accuracy10": 76.69902912621359, "train_accuracyN": 76.69902912621359}