{"train_loss": 0.017116626724600792, "_timestamp": 1711881760.0224693, "_runtime": 12846.417914390564, "_step": 4737, "eval_accuracy0": 74.75728155339806, "eval_accuracy5": 74.75728155339806, "eval_accuracy10": 74.75728155339806, "eval_accuracyN": 74.75728155339806, "train_accuracy0": 75.72815533980582, "train_accuracy5": 70.87378640776699, "train_accuracy10": 66.01941747572816, "train_accuracyN": -24.271844660194176}