{"train_loss": 0.0004909223061986268, "_timestamp": 1711875566.9213128, "_runtime": 6653.316757917404, "_step": 2527, "eval_accuracy0": 72.81553398058253, "eval_accuracy5": 72.81553398058253, "eval_accuracy10": 72.81553398058253, "eval_accuracyN": 72.81553398058253, "train_accuracy0": 73.7864077669903, "train_accuracy5": 64.07766990291263, "train_accuracy10": 54.36893203883495, "train_accuracyN": -126.21359223300972}