{"train_loss": 0.009174675680696964, "_timestamp": 1711871999.0070488, "_runtime": 3085.402493953705, "_step": 1263, "eval_accuracy0": 76.69902912621359, "eval_accuracy5": 76.69902912621359, "eval_accuracy10": 76.69902912621359, "eval_accuracyN": 76.69902912621359, "train_accuracy0": 71.84466019417476, "train_accuracy5": 52.42718446601942, "train_accuracy10": 33.00970873786408, "train_accuracyN": -328.15533980582524}