{"train_loss": 0.004762693773955107, "_timestamp": 1711874676.6788406, "_runtime": 5763.074285745621, "_step": 2211, "eval_accuracy0": 73.7864077669903, "eval_accuracy5": 59.22330097087378, "eval_accuracy10": 44.66019417475729, "eval_accuracyN": -226.2135922330097, "train_accuracy0": 76.69902912621359, "train_accuracy5": 76.69902912621359, "train_accuracy10": 76.69902912621359, "train_accuracyN": 76.69902912621359}