{"train_loss": 0.0004909223061986268, "_timestamp": 1711875516.8230386, "_runtime": 6603.218483686447, "_step": 2526, "eval_accuracy0": 72.81553398058253, "eval_accuracy5": 72.81553398058253, "eval_accuracy10": 72.81553398058253, "eval_accuracyN": 72.81553398058253, "train_accuracy0": 76.69902912621359, "train_accuracy5": 76.69902912621359, "train_accuracy10": 76.69902912621359, "train_accuracyN": 76.69902912621359}