{"train_loss": 0.012059269472956657, "_timestamp": 1711871103.5245407, "_runtime": 2189.919985771179, "_step": 947, "eval_accuracy0": 75.72815533980582, "eval_accuracy5": 75.72815533980582, "eval_accuracy10": 75.72815533980582, "eval_accuracyN": 75.72815533980582, "train_accuracy0": 76.69902912621359, "train_accuracy5": 76.69902912621359, "train_accuracy10": 76.69902912621359, "train_accuracyN": 76.69902912621359}