{"train_loss": 0.0007761738961562514, "_timestamp": 1711960454.0360348, "_runtime": 3186.350422859192, "_step": 2525, "eval_accuracy0": 73.7864077669903, "eval_accuracy5": 64.07766990291263, "eval_accuracy10": 54.36893203883495, "eval_accuracyN": -126.21359223300972, "train_accuracy0": 72.81553398058253, "train_accuracy5": 53.398058252427184, "train_accuracy10": 33.980582524271846, "train_accuracyN": -327.18446601941747, "_wandb": {"runtime": 3803}}