{"trains": 0, "train_loss": 0.0852162316441536, "_timestamp": 1711791469.9892862, "_runtime": 388.3849971294403, "_step": 78, "accuracy0": 70.0, "accuracy5": -80.0, "accuracy10": -229.99999999999997, "accuracyN": -530.0}