{"train_loss": 5.122341099195182e-05, "_timestamp": 1713287346.6072874, "_runtime": 13687.456221342087, "_step": 10945, "eval_accuracy0": 75.72815533980582, "eval_accuracy5": 70.87378640776699, "eval_accuracy10": 66.01941747572816, "eval_accuracyN": -24.271844660194176, "train_accuracy0": 76.69902912621359, "train_accuracy5": 76.69902912621359, "train_accuracy10": 76.69902912621359, "train_accuracyN": 76.69902912621359, "_wandb": {"runtime": 15118}}