{"train_loss": 0.009167725220322609, "_timestamp": 1711874911.1489863, "_runtime": 1129.8242263793945, "_step": 630, "eval_accuracy0": 63.10679611650486, "eval_accuracy5": 53.398058252427184, "eval_accuracy10": 43.689320388349515, "eval_accuracyN": -136.89320388349515, "train_accuracy0": 18.446601941747574, "train_accuracy5": 13.592233009708737, "train_accuracy10": 8.737864077669903, "train_accuracyN": -81.55339805825243}