{"train_loss": 0.02593766525387764, "_timestamp": 1711874041.0609014, "_runtime": 259.73614144325256, "_step": 297}