{"train_loss": 0.00611462164670229, "_timestamp": 1711875680.6251268, "_runtime": 1899.3003668785095, "_step": 907, "eval_accuracy0": 63.10679611650486, "eval_accuracy5": 53.398058252427184, "eval_accuracy10": 43.689320388349515, "eval_accuracyN": -136.89320388349515, "train_accuracy0": 68.93203883495146, "train_accuracy5": 54.36893203883495, "train_accuracy10": 39.80582524271845, "train_accuracyN": -231.06796116504853}