{"train_loss": 0.03365585207939148, "_timestamp": 1711874033.456034, "_runtime": 252.13127398490906, "_step": 288}