{"train_loss": 0.006741284858435392, "_timestamp": 1711881094.6955874, "_runtime": 7313.370827436447, "_step": 2843, "eval_accuracy0": 72.81553398058253, "eval_accuracy5": 67.96116504854369, "eval_accuracy10": 63.10679611650486, "eval_accuracyN": -27.184466019417474, "train_accuracy0": 74.75728155339806, "train_accuracy5": 74.75728155339806, "train_accuracy10": 74.75728155339806, "train_accuracyN": 74.75728155339806}