{"train_loss": 0.022010626271367073, "_timestamp": 1711874598.24097, "_runtime": 816.916209936142, "_step": 316, "eval_accuracy0": 15.53398058252427, "eval_accuracy5": 15.53398058252427, "eval_accuracy10": 15.53398058252427, "eval_accuracyN": 15.53398058252427, "train_accuracy0": 18.446601941747574, "train_accuracy5": 13.592233009708737, "train_accuracy10": 8.737864077669903, "train_accuracyN": -81.55339805825243}