{"train_loss": 0.009167725220322609, "_timestamp": 1711874854.8978767, "_runtime": 1073.5731167793274, "_step": 629, "eval_accuracy0": 15.53398058252427, "eval_accuracy5": 15.53398058252427, "eval_accuracy10": 15.53398058252427, "eval_accuracyN": 15.53398058252427, "train_accuracy0": 18.446601941747574, "train_accuracy5": 13.592233009708737, "train_accuracy10": 8.737864077669903, "train_accuracyN": -81.55339805825243}