{"train_loss": 0.0060823638923466206, "_timestamp": 1711875520.212326, "_runtime": 1738.8875660896301, "_step": 711, "eval_accuracy0": 63.10679611650486, "eval_accuracy5": 53.398058252427184, "eval_accuracy10": 43.689320388349515, "eval_accuracyN": -136.89320388349515, "train_accuracy0": 68.93203883495146, "train_accuracy5": 54.36893203883495, "train_accuracy10": 39.80582524271845, "train_accuracyN": -231.06796116504853}