{"train_loss": 0.0027985088527202606, "_timestamp": 1711881794.504211, "_runtime": 8013.1794509887695, "_step": 3074, "eval_accuracy0": 72.81553398058253, "eval_accuracy5": 67.96116504854369, "eval_accuracy10": 63.10679611650486, "eval_accuracyN": -27.184466019417474, "train_accuracy0": 74.75728155339806, "train_accuracy5": 74.75728155339806, "train_accuracy10": 74.75728155339806, "train_accuracyN": 74.75728155339806}