{"train_loss": 0.0008973103831522167, "_timestamp": 1711819193.289138, "_runtime": 7009.528108119965, "_step": 5739, "eval_accuracy0": 72.81553398058253, "eval_accuracy5": 58.252427184466015, "eval_accuracy10": 43.689320388349515, "eval_accuracyN": -227.18446601941747, "ave_entropy_null_first_token": 2.7675536529159217e-08, "ave_entropy_non_null_first_token": 1.5576641771986033e-06, "ave_entropy_null": 1.942370909091551e-05, "ave_entropy_non_null": 0.001054364605806768, "train_accuracy0": 74.75728155339806, "train_accuracy5": 65.0485436893204, "train_accuracy10": 55.33980582524271, "train_accuracyN": -125.24271844660196}