{"train_loss": 0.001556514878757298, "_timestamp": 1711817353.0579166, "_runtime": 5169.29688668251, "_step": 4270, "eval_accuracy0": 75.72815533980582, "eval_accuracy5": 70.87378640776699, "eval_accuracy10": 66.01941747572816, "eval_accuracyN": -24.271844660194176, "ave_entropy_null_first_token": 7.119009387679398e-05, "ave_entropy_non_null_first_token": 2.9448651730490383e-06, "ave_entropy_null": 7.663889118703082e-05, "ave_entropy_non_null": 0.0008848424185998738, "train_accuracy0": 75.72815533980582, "train_accuracy5": 70.87378640776699, "train_accuracy10": 66.01941747572816, "train_accuracyN": -24.271844660194176}