{"train_loss": 5.372745363274589e-05, "_timestamp": 1711868229.336911, "_runtime": 56045.57588100433, "_step": 45940, "eval_accuracy0": 73.7864077669903, "eval_accuracy5": 59.22330097087378, "eval_accuracy10": 44.66019417475729, "eval_accuracyN": -226.2135922330097, "ave_entropy_null_first_token": 1.8065242102238699e-06, "ave_entropy_non_null_first_token": 1.2049272299918812e-06, "ave_entropy_null": 6.03249191044597e-07, "ave_entropy_non_null": 0.00018806595471687615, "train_accuracy0": 76.69902912621359, "train_accuracy5": 76.69902912621359, "train_accuracy10": 76.69902912621359, "train_accuracyN": 76.69902912621359}