{"train_loss": 0.00010678580292733386, "_timestamp": 1711820060.1798675, "_runtime": 7876.418837547302, "_step": 6478, "eval_accuracy0": 74.75728155339806, "eval_accuracy5": 65.0485436893204, "eval_accuracy10": 55.33980582524271, "eval_accuracyN": -125.24271844660196, "ave_entropy_null_first_token": 1.4667266157175618e-07, "ave_entropy_non_null_first_token": 5.597840299742529e-06, "ave_entropy_null": 0.0003087670193053782, "ave_entropy_non_null": 0.0006311314646154642, "train_accuracy0": 75.72815533980582, "train_accuracy5": 75.72815533980582, "train_accuracy10": 75.72815533980582, "train_accuracyN": 75.72815533980582}