{"train_loss": 0.0011651519453153014, "_timestamp": 1711817064.219874, "_runtime": 4880.458843946457, "_step": 4065, "eval_accuracy0": 72.81553398058253, "eval_accuracy5": 67.96116504854369, "eval_accuracy10": 63.10679611650486, "eval_accuracyN": -27.184466019417474, "ave_entropy_null_first_token": 0.0001109553049900569, "ave_entropy_non_null_first_token": 1.3547430171456654e-05, "ave_entropy_null": 0.0001236182142747566, "ave_entropy_non_null": 0.0010269340127706528, "train_accuracy0": 75.72815533980582, "train_accuracy5": 70.87378640776699, "train_accuracy10": 66.01941747572816, "train_accuracyN": -24.271844660194176}