{"train_loss": 0.001100823050364852, "_timestamp": 1711863774.0576198, "_runtime": 51590.29658985138, "_step": 42212, "eval_accuracy0": 75.72815533980582, "eval_accuracy5": 70.87378640776699, "eval_accuracy10": 66.01941747572816, "eval_accuracyN": -24.271844660194176, "ave_entropy_null_first_token": 1.840355707827257e-07, "ave_entropy_non_null_first_token": 3.3988908398896456e-06, "ave_entropy_null": 6.384236428402801e-08, "ave_entropy_non_null": 0.0002583863097243011, "train_accuracy0": 76.69902912621359, "train_accuracy5": 76.69902912621359, "train_accuracy10": 76.69902912621359, "train_accuracyN": 76.69902912621359}