{"train_loss": 0.004193856846541166, "_timestamp": 1711817348.6761546, "_runtime": 5164.91512465477, "_step": 4265, "eval_accuracy0": 75.72815533980582, "eval_accuracy5": 70.87378640776699, "eval_accuracy10": 66.01941747572816, "eval_accuracyN": -24.271844660194176, "ave_entropy_null_first_token": 7.119009387679398e-05, "ave_entropy_non_null_first_token": 2.9448651730490383e-06, "ave_entropy_null": 7.663889118703082e-05, "ave_entropy_non_null": 0.0008848424185998738, "train_accuracy0": 75.72815533980582, "train_accuracy5": 70.87378640776699, "train_accuracy10": 66.01941747572816, "train_accuracyN": -24.271844660194176}