{"train_loss": 0.00372968427836895, "_timestamp": 1711821299.8255908, "_runtime": 9116.064560890198, "_step": 7522, "eval_accuracy0": 75.72815533980582, "eval_accuracy5": 70.87378640776699, "eval_accuracy10": 66.01941747572816, "eval_accuracyN": -24.271844660194176, "ave_entropy_null_first_token": 4.695413281297078e-06, "ave_entropy_non_null_first_token": 1.992880470425007e-06, "ave_entropy_null": 5.579407115874346e-06, "ave_entropy_non_null": 0.0009460569126531482, "train_accuracy0": 74.75728155339806, "train_accuracy5": 65.0485436893204, "train_accuracy10": 55.33980582524271, "train_accuracyN": -125.24271844660196}