{"train_loss": 0.0395960658788681, "_timestamp": 1711811998.3174481, "_runtime": 3040.9012541770935, "_step": 1162, "eval_accuracy0": 75.04873294346979, "eval_accuracy5": -49.707602339181285, "eval_accuracy10": -174.46393762183237, "eval_accuracyN": -12724.951267056531, "train_accuracy0": 75.6335282651072, "train_accuracy5": -46.198830409356724, "train_accuracy10": -168.03118908382066, "train_accuracyN": -12424.366471734893}