{"train_loss": 0.0008774229208938777, "_timestamp": 1711814473.8461957, "_runtime": 5516.430001735687, "_step": 2035, "eval_accuracy0": 74.46393762183236, "eval_accuracy5": -52.241715399610136, "eval_accuracy10": -178.94736842105263, "eval_accuracyN": -12925.536062378169, "train_accuracy0": 77.77777777777779, "train_accuracy5": -33.33333333333333, "train_accuracy10": -144.44444444444443, "train_accuracyN": -11322.222222222223}