{"train_loss": 0.014551474712789059, "_timestamp": 1711872876.9432056, "_runtime": 303.6743266582489, "_step": 315, "eval_accuracy0": 53.398058252427184, "eval_accuracy5": 14.563106796116504, "eval_accuracy10": -24.271844660194176, "eval_accuracyN": -746.6019417475728, "train_accuracy0": 53.398058252427184, "train_accuracy5": -4.854368932038835, "train_accuracy10": -63.10679611650486, "train_accuracyN": -1146.6019417475727}