{"train_loss": 0.008996035903692245, "_timestamp": 1711874033.234738, "_runtime": 1459.9658591747284, "_step": 725, "eval_accuracy0": 66.99029126213593, "eval_accuracy5": 47.57281553398058, "eval_accuracy10": 28.155339805825243, "eval_accuracyN": -333.00970873786406, "train_accuracy0": 74.75728155339806, "train_accuracy5": 69.90291262135922, "train_accuracy10": 65.0485436893204, "train_accuracyN": -25.24271844660194}