{"train_loss": 0.0050762733444571495, "_timestamp": 1711874215.548132, "_runtime": 1642.2792530059814, "_step": 946, "eval_accuracy0": 71.84466019417476, "eval_accuracy5": 57.28155339805825, "eval_accuracy10": 42.71844660194174, "eval_accuracyN": -228.15533980582524, "train_accuracy0": 74.75728155339806, "train_accuracy5": 69.90291262135922, "train_accuracy10": 65.0485436893204, "train_accuracyN": -25.24271844660194}