{"train_loss": 0.00018729109433479607, "_timestamp": 1717442610.8982725, "_runtime": 15034.503763437271, "_step": 9044, "_wandb": {"runtime": 20227}}