{"train_loss": 0.09502334892749786, "_timestamp": 1711881846.3232667, "_runtime": 6153.868983745575, "_step": 7592, "eval_accuracy0": 4.854368932038835, "eval_accuracy5": 4.854368932038835, "eval_accuracy10": 4.854368932038835, "eval_accuracyN": 4.854368932038835, "train_accuracy0": 6.796116504854369, "train_accuracy5": 6.796116504854369, "train_accuracy10": 6.796116504854369, "train_accuracyN": 6.796116504854369}