{"train_loss": 0.07564520835876465, "_timestamp": 1711881537.9812436, "_runtime": 5845.526960611343, "_step": 7343, "eval_accuracy0": 4.854368932038835, "eval_accuracy5": 4.854368932038835, "eval_accuracy10": 4.854368932038835, "eval_accuracyN": 4.854368932038835, "train_accuracy0": 6.796116504854369, "train_accuracy5": 6.796116504854369, "train_accuracy10": 6.796116504854369, "train_accuracyN": 6.796116504854369}