{"accuracy0": 74.46393762183236, "accuracy5": -53.216374269005854, "accuracy10": -180.89668615984405, "accuracyN": -13025.536062378169}