{"accuracy0": 79.33723196881091, "accuracy5": -23.976608187134502, "accuracy10": -127.29044834307992, "accuracyN": -10520.66276803119}