{"accuracy0": 78.55750487329435, "accuracy5": -28.654970760233915, "accuracy10": -135.86744639376218, "accuracyN": -10921.442495126706}