{"accuracy0": 61.98830409356725, "accuracy5": -125.14619883040936, "accuracy10": -312.280701754386, "accuracyN": -19138.011695906433}