{"accuracy0": 62.87139449143353, "accuracy5": -120.38603339839513, "accuracy10": -303.6434612882238, "accuracyN": -168937.12860550857}