{"train_loss": 0.00019076777971349657, "_timestamp": 1713266873.1637416, "_runtime": 7186.02067565918, "_step": 5845, "eval_accuracy0": 76.69902912621359, "eval_accuracy5": 76.69902912621359, "eval_accuracy10": 76.69902912621359, "eval_accuracyN": 76.69902912621359, "train_accuracy0": 76.69902912621359, "train_accuracy5": 76.69902912621359, "train_accuracy10": 76.69902912621359, "train_accuracyN": 76.69902912621359}