{"train_loss": 8.207625796785578e-05, "_timestamp": 1713273375.6339722, "_runtime": 13688.490906238556, "_step": 10945, "eval_accuracy0": 76.69902912621359, "eval_accuracy5": 76.69902912621359, "eval_accuracy10": 76.69902912621359, "eval_accuracyN": 76.69902912621359, "train_accuracy0": 76.69902912621359, "train_accuracy5": 76.69902912621359, "train_accuracy10": 76.69902912621359, "train_accuracyN": 76.69902912621359, "_wandb": {"runtime": 15171}}