{"train_loss": 0.0010415876749902964, "_timestamp": 1711863553.0184047, "_runtime": 44087.15893769264, "_step": 12401, "eval_accuracy0": 75.72815533980582, "eval_accuracy5": 70.87378640776699, "eval_accuracy10": 66.01941747572816, "eval_accuracyN": -24.271844660194176, "train_accuracy0": 75.72815533980582, "train_accuracy5": 70.87378640776699, "train_accuracy10": 66.01941747572816, "train_accuracyN": -24.271844660194176}