{"train_loss": 0.03304147720336914, "_timestamp": 1711819766.6962702, "_runtime": 300.8368031978607, "_step": 158, "eval_accuracy0": 53.398058252427184, "eval_accuracy5": -14.563106796116504, "eval_accuracy10": -82.52427184466019, "eval_accuracyN": -1346.6019417475727, "train_accuracy0": 47.57281553398058, "train_accuracy5": -25.24271844660194, "train_accuracy10": -98.05825242718447, "train_accuracyN": -1452.4271844660195}