{"train_loss": 0.0064571574330329895, "_timestamp": 1711821299.9349124, "_runtime": 1834.0754454135895, "_step": 547, "eval_accuracy0": 75.72815533980582, "eval_accuracy5": 70.87378640776699, "eval_accuracy10": 66.01941747572816, "eval_accuracyN": -24.271844660194176, "train_accuracy0": 75.72815533980582, "train_accuracy5": 66.01941747572816, "train_accuracy10": 56.310679611650485, "train_accuracyN": -124.27184466019416}