{"train_loss": 0.00016231852350756526, "_timestamp": 1711868648.3787963, "_runtime": 49182.51932930946, "_step": 13832, "eval_accuracy0": 75.72815533980582, "eval_accuracy5": 75.72815533980582, "eval_accuracy10": 75.72815533980582, "eval_accuracyN": 75.72815533980582, "train_accuracy0": 76.69902912621359, "train_accuracy5": 76.69902912621359, "train_accuracy10": 76.69902912621359, "train_accuracyN": 76.69902912621359}