{"train_loss": 0.0001523673563497141, "_timestamp": 1711873711.2810345, "_runtime": 54245.42156744003, "_step": 15262, "eval_accuracy0": 75.72815533980582, "eval_accuracy5": 70.87378640776699, "eval_accuracy10": 66.01941747572816, "eval_accuracyN": -24.271844660194176, "train_accuracy0": 76.69902912621359, "train_accuracy5": 76.69902912621359, "train_accuracy10": 76.69902912621359, "train_accuracyN": 76.69902912621359}