{"train_loss": 0.0024069948121905327, "_timestamp": 1711888541.3477848, "_runtime": 5887.840124845505, "_step": 2527, "eval_accuracy0": 75.72815533980582, "eval_accuracy5": 75.72815533980582, "eval_accuracy10": 75.72815533980582, "eval_accuracyN": 75.72815533980582, "train_accuracy0": 75.72815533980582, "train_accuracy5": 70.87378640776699, "train_accuracy10": 66.01941747572816, "train_accuracyN": -24.271844660194176}