{"train_loss": 0.00010127612040378153, "_timestamp": 1711945683.6681783, "_runtime": 63030.16051840782, "_step": 21803, "eval_accuracy0": 73.7864077669903, "eval_accuracy5": 64.07766990291263, "eval_accuracy10": 54.36893203883495, "eval_accuracyN": -126.21359223300972, "train_accuracy0": 76.69902912621359, "train_accuracy5": 76.69902912621359, "train_accuracy10": 76.69902912621359, "train_accuracyN": 76.69902912621359}