{"train_loss": 0.00029051961610093713, "_timestamp": 1711893249.0058668, "_runtime": 10595.498206853867, "_step": 4107, "eval_accuracy0": 73.7864077669903, "eval_accuracy5": 68.93203883495146, "eval_accuracy10": 64.07766990291263, "eval_accuracyN": -26.21359223300971, "train_accuracy0": 73.7864077669903, "train_accuracy5": 73.7864077669903, "train_accuracy10": 73.7864077669903, "train_accuracyN": 73.7864077669903}