{"train_loss": 11.344853401184082, "_timestamp": 1711950115.3165233, "_runtime": 28.5163893699646, "_step": 0, "_wandb": {"runtime": 28}}