{"train_loss": 0.009297427721321583, "_timestamp": 1711874893.9016845, "_runtime": 274.8992555141449, "_step": 313}