{"train_loss": 0.0014600594295188785, "_timestamp": 1711881833.687732, "_runtime": 7214.685302972794, "_step": 6113, "eval_accuracy0": 76.69902912621359, "eval_accuracy5": 71.84466019417476, "eval_accuracy10": 66.99029126213593, "eval_accuracyN": -23.300970873786408, "train_accuracy0": 76.69902912621359, "train_accuracy5": 76.69902912621359, "train_accuracy10": 76.69902912621359, "train_accuracyN": 76.69902912621359}