{"train_loss": 0.030012601986527443, "_timestamp": 1711874873.2865987, "_runtime": 254.28416967391968, "_step": 288}