{"train_loss": 0.0027590796817094088, "_timestamp": 1711875520.6057413, "_runtime": 901.603312253952, "_step": 785, "eval_accuracy0": 73.7864077669903, "eval_accuracy5": 68.93203883495146, "eval_accuracy10": 64.07766990291263, "eval_accuracyN": -26.21359223300971, "train_accuracy0": 70.87378640776699, "train_accuracy5": 41.74757281553398, "train_accuracy10": 12.62135922330097, "train_accuracyN": -529.126213592233}