{"train_loss": 4.504395484924316, "_timestamp": 1711949257.4741616, "_runtime": 23.1903555393219, "_step": 1, "_wandb": {"runtime": 23}}