{"train_loss": 0.013177534565329552, "_timestamp": 1717401828.050128, "_runtime": 1465.270859003067, "_step": 1368}