{"train_loss": 0.00017607865447644144, "_timestamp": 1717409366.3903453, "_runtime": 9003.61107635498, "_step": 9044, "_wandb": {"runtime": 12251}}