{"train_loss": 0.010402469895780087, "_timestamp": 1717401823.1180618, "_runtime": 1460.3387928009033, "_step": 136