{"train_loss": 0.0015839318512007594, "_timestamp": 1717459452.692734, "_runtime": 1703.3163189888, "_step": 3014}