{"train_loss": 0.0008579798159189522, "_timestamp": 1717473534.9160182, "_runtime": 15785.539603233337, "_step": 9044}