{"trains": 0, "train_loss": 11.3382568359375, "_timestamp": 1711790829.7183423, "_runtime": 5.198230266571045, "_step": 0, "_wandb": {"runtime": 13}}