{"train_loss": 0.0021434600930660963, "_timestamp": 1711945821.8248363, "_runtime": 51068.54550933838, "_step": 18011, "eval_accuracy0": 76.69902912621359, "eval_accuracy5": 76.69902912621359, "eval_accuracy10": 76.69902912621359, "eval_accuracyN": 76.69902912621359, "train_accuracy0": 75.72815533980582, "train_accuracy5": 75.72815533980582, "train_accuracy10": 75.72815533980582, "train_accuracyN": 75.72815533980582}