{"train_loss": 8.92086245585233e-05, "_timestamp": 1712031107.6608818, "_runtime": 6719.609120845795, "_step": 10945, "eval_accuracy0": 76.69902912621359, "eval_accuracy5": 76.69902912621359, "eval_accuracy10": 76.69902912621359, "eval_accuracyN": 76.69902912621359, "train_accuracy0": 12.62135922330097, "train_accuracy5": 2.912621359223301, "train_accuracy10": -6.796116504854369, "train_accuracyN": -187.37864077669903, "_wandb": {"runtime": 7211}}