{"train_loss": 0.00872565433382988, "_timestamp": 1711965843.4350116, "_runtime": 1941.825065612793, "_step": 1681, "eval_accuracy0": 69.90291262135922, "eval_accuracy5": 40.77669902912621, "eval_accuracy10": 11.650485436893204, "eval_accuracyN": -530.0970873786408, "train_accuracy0": 66.99029126213593, "train_accuracy5": 13.592233009708737, "train_accuracy10": -39.80582524271845, "train_accuracyN": -1033.0097087378642}