{"train_loss": 0.005083173979073763, "_timestamp": 1711966202.3894029, "_runtime": 2300.7794568538666, "_step": 1928, "eval_accuracy0": 74.75728155339806, "eval_accuracy5": 69.90291262135922, "eval_accuracy10": 65.0485436893204, "eval_accuracyN": -25.24271844660194, "train_accuracy0": 73.7864077669903, "train_accuracy5": 54.36893203883495, "train_accuracy10": 34.95145631067961, "train_accuracyN": -326.2135922330097}