{"train_loss": 0.0064402068965137005, "_timestamp": 1711947698.0730984, "_runtime": 1113.895470380783, "_step": 688, "eval_accuracy0": 69.26829268292683, "eval_accuracy5": 32.6829268292683, "eval_accuracy10": -3.902439024390244, "eval_accuracyN": -1430.7317073170732, "train_accuracy0": 75.60975609756098, "train_accuracy5": 58.536585365853654, "train_accuracy10": 41.46341463414634, "train_accuracyN": -624.390243902439}