{"train_loss": 0.04162631556391716, "_timestamp": 1711948646.9332173, "_runtime": 2062.75558924675, "_step": 1239, "eval_accuracy0": 75.1219512195122, "eval_accuracy5": 58.048780487804876, "eval_accuracy10": 40.97560975609756, "eval_accuracyN": -624.8780487804878, "train_accuracy0": 74.14634146341463, "train_accuracy5": 57.073170731707314, "train_accuracy10": 40.0, "train_accuracyN": -625.8536585365854, "_wandb": {"runtime": 2547}}