{"train_loss": 0.0002825244446285069, "_timestamp": 1717423244.8475933, "_runtime": 20879.64997935295, "_step": 12059}