{"train_loss": 0.0008338934276252985, "_timestamp": 1717414421.9850032, "_runtime": 12056.787389278412, "_step": 6056}