{"train_loss": 6.812272476963699e-05, "_timestamp": 1713233958.8230712, "_runtime": 11809.014239311218, "_step": 11049, "eval_accuracy0": 73.07692307692307, "eval_accuracy5": 63.46153846153846, "eval_accuracy10": 53.84615384615385, "eval_accuracyN": -26.923076923076923, "train_accuracy0": 78.84615384615384, "train_accuracy5": 78.84615384615384, "train_accuracy10": 78.84615384615384, "train_accuracyN": 78.84615384615384, "_wandb": {"runtime": 12488}}