{"train_loss": 0.06935200095176697, "_timestamp": 1711947955.497902, "_runtime": 231.75567388534546, "_step": 168}