{"train_loss": 0.009600688703358173, "_timestamp": 1711949579.4362583, "_runtime": 1855.6940302848816, "_step": 952, "eval_accuracy0": 69.26829268292683, "eval_accuracy5": 44.87804878048781, "eval_accuracy10": 20.48780487804878, "eval_accuracyN": -930.7317073170731, "train_accuracy0": 69.26829268292683, "train_accuracy5": 61.951219512195124, "train_accuracy10": 54.63414634146342, "train_accuracyN": -230.73170731707316}