{"train_loss": 0.05150841921567917, "_timestamp": 1711947950.845593, "_runtime": 227.103364944458, "_step": 164}