{"train_loss": 0.002891629235818982, "_timestamp": 1711950043.518493, "_runtime": 2319.7762649059296, "_step": 1238, "eval_accuracy0": 75.1219512195122, "eval_accuracy5": 53.170731707317074, "eval_accuracy10": 31.21951219512195, "eval_accuracyN": -824.8780487804877, "train_accuracy0": 69.26829268292683, "train_accuracy5": 61.951219512195124, "train_accuracy10": 54.63414634146342, "train_accuracyN": -230.73170731707316}