{"train_loss": 0.002891629235818982, "_timestamp": 1711950152.9769788, "_runtime": 2429.2347507476807, "_step": 1239, "eval_accuracy0": 75.1219512195122, "eval_accuracy5": 53.170731707317074, "eval_accuracy10": 31.21951219512195, "eval_accuracyN": -824.8780487804877, "train_accuracy0": 77.07317073170732, "train_accuracy5": 67.31707317073172, "train_accuracy10": 57.56097560975609, "train_accuracyN": -322.9268292682927}