{"train_loss": 0.009950443170964718, "_timestamp": 1711949631.0552554, "_runtime": 1907.313027381897, "_step": 995, "eval_accuracy0": 69.26829268292683, "eval_accuracy5": 44.87804878048781, "eval_accuracy10": 20.48780487804878, "eval_accuracyN": -930.7317073170731, "train_accuracy0": 69.26829268292683, "train_accuracy5": 61.951219512195124, "train_accuracy10": 54.63414634146342, "train_accuracyN": -230.73170731707316}