{"train_loss": 0.004368938039988279, "_timestamp": 1711949194.3142278, "_runtime": 1470.5719997882843, "_step": 825, "eval_accuracy0": 69.7560975609756, "eval_accuracy5": 38.048780487804876, "eval_accuracy10": 6.341463414634147, "eval_accuracyN": -1230.2439024390244, "train_accuracy0": 74.63414634146342, "train_accuracy5": 60.0, "train_accuracy10": 45.36585365853659, "train_accuracyN": -525.3658536585366}