{"train_loss": 9.146736145019531, "_timestamp": 1711875394.5125048, "_runtime": 99.44327473640442, "_step": 0, "_wandb": {"runtime": 99}}