{"accuracy0": 74.46393762183236, "accuracy5": -52.241715399610136, "accuracy10": -178.94736842105263, "accuracyN": -12925.536062378169}