{"accuracy0": 75.04873294346979, "accuracy5": -49.707602339181285, "accuracy10": -174.46393762183237, "accuracyN": -12724.951267056531}