{"trains": 320, "train_loss": 0.0017396599287167192, "_timestamp": 1711807565.7264605, "_runtime": 15317.416809558868, "_step": 1930, "accuracy0": 77.18579234972678, "accuracy5": -36.885245901639344, "accuracy10": -150.95628415300547, "accuracyN": -116822.81420765027}