{"trains": 320, "train_loss": 0.003166532376781106, "_timestamp": 1711804527.1092074, "_runtime": 12278.79955649376, "_step": 1608, "accuracy0": 76.19047619047619, "accuracy5": -42.857142857142854, "accuracy10": -161.9047619047619, "accuracyN": -121923.80952380951}