{"trains": 176, "train_loss": 0.0570303350687027, "_timestamp": 1711792372.9740493, "_runtime": 124.66439843177795, "_step": 176}