{"trains": 320, "train_loss": 0.0046434854157269, "_timestamp": 1711810593.4622562, "_runtime": 18345.15260529518, "_step": 2252, "accuracy0": 77.28337236533957, "accuracy5": -36.29976580796253, "accuracy10": -149.88290398126466, "accuracyN": -116322.71662763467}