{"train_loss": 0.004437016323208809, "_timestamp": 1711881696.5032623, "_runtime": 3854.498497247696, "_step": 3147, "eval_accuracy0": 66.01941747572816, "eval_accuracy5": 22.330097087378643, "eval_accuracy10": -21.35922330097087, "eval_accuracyN": -833.9805825242719, "train_accuracy0": 68.93203883495146, "train_accuracy5": 30.097087378640776, "train_accuracy10": -8.737864077669903, "train_accuracyN": -731.0679611650485}