{"train_loss": 0.0008444673730991781, "_timestamp": 1711881537.3647218, "_runtime": 3695.359956741333, "_step": 2968, "eval_accuracy0": 66.01941747572816, "eval_accuracy5": 22.330097087378643, "eval_accuracy10": -21.35922330097087, "eval_accuracyN": -833.9805825242719, "train_accuracy0": 68.93203883495146, "train_accuracy5": 30.097087378640776, "train_accuracy10": -8.737864077669903, "train_accuracyN": -731.0679611650485}