{"train_loss": 0.000638194615021348, "_timestamp": 1711873754.7269013, "_runtime": 4796.809648275375, "_step": 1895, "eval_accuracy0": 75.72815533980582, "eval_accuracy5": 70.87378640776699, "eval_accuracy10": 66.01941747572816, "eval_accuracyN": -24.271844660194176, "train_accuracy0": 74.75728155339806, "train_accuracy5": 65.0485436893204, "train_accuracy10": 55.33980582524271, "train_accuracyN": -125.24271844660196}