{"train_loss": 0.0034074962604790926, "_timestamp": 1711872884.558454, "_runtime": 3926.641201019287, "_step": 1579, "eval_accuracy0": 73.7864077669903, "eval_accuracy5": 68.93203883495146, "eval_accuracy10": 64.07766990291263, "eval_accuracyN": -26.21359223300971, "train_accuracy0": 75.72815533980582, "train_accuracy5": 75.72815533980582, "train_accuracy10": 75.72815533980582, "train_accuracyN": 75.72815533980582}