{"train_loss": 0.007210371550172567, "_timestamp": 1711874626.7193906, "_runtime": 5668.8021376132965, "_step": 2211, "eval_accuracy0": 74.75728155339806, "eval_accuracy5": 65.0485436893204, "eval_accuracy10": 55.33980582524271, "eval_accuracyN": -125.24271844660196, "train_accuracy0": 74.75728155339806, "train_accuracy5": 65.0485436893204, "train_accuracy10": 55.33980582524271, "train_accuracyN": -125.24271844660196}