{"train_loss": 0.0010954244062304497, "_timestamp": 1711875266.6550357, "_runtime": 6308.737782716751, "_step": 2345, "eval_accuracy0": 74.75728155339806, "eval_accuracy5": 65.0485436893204, "eval_accuracy10": 55.33980582524271, "eval_accuracyN": -125.24271844660196, "train_accuracy0": 74.75728155339806, "train_accuracy5": 65.0485436893204, "train_accuracy10": 55.33980582524271, "train_accuracyN": -125.24271844660196}