{"train_loss": 0.00425530644133687, "_timestamp": 1711871119.0397067, "_runtime": 2161.122453689575, "_step": 947, "eval_accuracy0": 73.7864077669903, "eval_accuracy5": 73.7864077669903, "eval_accuracy10": 73.7864077669903, "eval_accuracyN": 73.7864077669903, "train_accuracy0": 72.81553398058253, "train_accuracy5": 63.10679611650486, "train_accuracy10": 53.398058252427184, "train_accuracyN": -127.18446601941748}