{"train_loss": 0.0025586707051843405, "_timestamp": 1711871996.949919, "_runtime": 3039.0326659679413, "_step": 1263, "eval_accuracy0": 74.75728155339806, "eval_accuracy5": 74.75728155339806, "eval_accuracy10": 74.75728155339806, "eval_accuracyN": 74.75728155339806, "train_accuracy0": 73.7864077669903, "train_accuracy5": 73.7864077669903, "train_accuracy10": 73.7864077669903, "train_accuracyN": 73.7864077669903}