{"train_loss": 0.0079426858574152, "_timestamp": 1711872870.6185672, "_runtime": 3912.701014280319, "_step": 1579, "eval_accuracy0": 72.81553398058253, "eval_accuracy5": 67.96116504854369, "eval_accuracy10": 63.10679611650486, "eval_accuracyN": -27.184466019417474, "train_accuracy0": 76.69902912621359, "train_accuracy5": 76.69902912621359, "train_accuracy10": 76.69902912621359, "train_accuracyN": 76.69902912621359}