{"train_loss": 0.002859656699001789, "_timestamp": 1711871990.0780025, "_runtime": 3032.1604495048523, "_step": 1263, "eval_accuracy0": 72.81553398058253, "eval_accuracy5": 53.398058252427184, "eval_accuracy10": 33.980582524271846, "eval_accuracyN": -327.18446601941747, "train_accuracy0": 75.72815533980582, "train_accuracy5": 70.87378640776699, "train_accuracy10": 66.01941747572816, "train_accuracyN": -24.271844660194176}