{"train_loss": 0.002505136653780937, "_timestamp": 1711873760.5030715, "_runtime": 4802.5855185985565, "_step": 1895, "eval_accuracy0": 75.72815533980582, "eval_accuracy5": 70.87378640776699, "eval_accuracy10": 66.01941747572816, "eval_accuracyN": -24.271844660194176, "train_accuracy0": 75.72815533980582, "train_accuracy5": 75.72815533980582, "train_accuracy10": 75.72815533980582, "train_accuracyN": 75.72815533980582}