{"train_loss": 0.01572822965681553, "_timestamp": 1711871105.0702252, "_runtime": 2147.152672290802, "_step": 947, "eval_accuracy0": 73.7864077669903, "eval_accuracy5": 64.07766990291263, "eval_accuracy10": 54.36893203883495, "eval_accuracyN": -126.21359223300972, "train_accuracy0": 73.7864077669903, "train_accuracy5": 59.22330097087378, "train_accuracy10": 44.66019417475729, "train_accuracyN": -226.2135922330097}