{"train_loss": 0.0005039939424023032, "_timestamp": 1711894550.2183456, "_runtime": 11896.607627630234, "_step": 4353, "eval_accuracy0": 76.69902912621359, "eval_accuracy5": 76.69902912621359, "eval_accuracy10": 76.69902912621359, "eval_accuracyN": 76.69902912621359, "train_accuracy0": 76.69902912621359, "train_accuracy5": 76.69902912621359, "train_accuracy10": 76.69902912621359, "train_accuracyN": 76.6990291262135