{"train_loss": 0.0004021964850835502, "_timestamp": 1711893617.8566115, "_runtime": 10964.245893478394, "_step": 4105, "eval_accuracy0": 74.75728155339806, "eval_accuracy5": 69.90291262135922, "eval_accuracy10": 65.0485436893204, "eval_accuracyN": -25.24271844660194, "train_accuracy0": 74.75728155339806, "train_accuracy5": 69.90291262135922, "train_accuracy10": 65.0485436893204, "train_accuracyN": -25.24271844660194}