{"accuracy0": 75.72815533980582, "accuracy5": 70.87378640776699, "accuracy10": 66.01941747572816, "accuracyN": -24.271844660194176}