{"accuracy0": 75.72815533980582, "accuracy5": 75.72815533980582, "accuracy10": 75.72815533980582, "accuracyN": 75.72815533980582}