{"accuracy0": 74.75728155339806, "accuracy5": 65.0485436893204, "accuracy10": 55.33980582524271, "accuracyN": -125.24271844660196}