{"accuracy0": 76.69902912621359, "accuracy5": 76.69902912621359, "accuracy10": 76.69902912621359, "accuracyN": 76.69902912621359}