{"train_loss": 0.039343275129795074, "_timestamp": 1711950565.7690048, "_runtime": 283.991171836853, "_step": 290}