{"train_loss": 0.032689955085515976, "_timestamp": 1711950570.2873297, "_runtime": 288.5094966888428, "_step": 295}