{"train_loss": 10.739847183227539, "_timestamp": 1711949401.6348844, "_runtime": 28.71307945251465, "_step": 0, "_wandb": {"runtime": 28}}