{"train_loss": 3.289215326309204, "_timestamp": 1711949356.66676, "_runtime": 20.572376012802124, "_step": 2, "_wandb": {"runtime": 20}}