{"train_loss": 8.68644638103433e-05, "_timestamp": 1713200421.2603502, "_runtime": 11754.620500326157, "_step": 11049, "eval_accuracy0": 75.0, "eval_accuracy5": 75.0, "eval_accuracy10": 75.0, "eval_accuracyN": 75.0, "train_accuracy0": 78.84615384615384, "train_accuracy5": 78.84615384615384, "train_accuracy10": 78.84615384615384, "train_accuracyN": 78.84615384615384, "_wandb": {"runtime": 12393}}