{"train_loss": 0.0001064257012330927, "_timestamp": 1712044654.515856, "_runtime": 13480.191988945007, "_step": 10945, "eval_accuracy0": 76.69902912621359, "eval_accuracy5": 76.69902912621359, "eval_accuracy10": 76.69902912621359, "eval_accuracyN": 76.69902912621359, "train_accuracy0": 76.69902912621359, "train_accuracy5": 76.69902912621359, "train_accuracy10": 76.69902912621359, "train_accuracyN": 76.69902912621359, "_wandb": {"runtime": 14110}}