{"train_loss": 0.001718293409794569, "_timestamp": 1711948531.3349679, "_runtime": 1949.5670869350433, "_step": 1239, "eval_accuracy0": 76.58536585365854, "eval_accuracy5": 64.39024390243902, "eval_accuracy10": 52.19512195121951, "eval_accuracyN": -423.4146341463415, "train_accuracy0": 76.09756097560975, "train_accuracy5": 66.34146341463415, "train_accuracy10": 56.58536585365853, "train_accuracyN": -323.9024390243903, "_wandb": {"runtime": 2394}}