{"train_loss": 0.004377545323222876, "_timestamp": 1711947950.3820207, "_runtime": 1368.6141397953033, "_step": 928, "eval_accuracy0": 76.58536585365854, "eval_accuracy5": 64.39024390243902, "eval_accuracy10": 52.19512195121951, "eval_accuracyN": -423.4146341463415, "train_accuracy0": 73.17073170731707, "train_accuracy5": 46.34146341463415, "train_accuracy10": 19.51219512195122, "train_accuracyN": -1026.8292682926829}