{"train_loss": 0.005845627281814814, "_timestamp": 1711947693.2030935, "_runtime": 1111.435212612152, "_step": 756, "eval_accuracy0": 71.70731707317073, "eval_accuracy5": 47.3170731707317, "eval_accuracy10": 22.926829268292686, "eval_accuracyN": -928.2926829268293, "train_accuracy0": 73.17073170731707, "train_accuracy5": 46.34146341463415, "train_accuracy10": 19.51219512195122, "train_accuracyN": -1026.8292682926829}