{"train_loss": 0.2690805196762085, "_timestamp": 1711965857.324718, "_runtime": 1955.7035839557648, "_step": 1680, "eval_accuracy0": 7.766990291262135, "eval_accuracy5": -94.1747572815534, "eval_accuracy10": -196.11650485436894, "eval_accuracyN": -2092.233009708738, "train_accuracy0": 5.825242718446602, "train_accuracy5": -139.80582524271844, "train_accuracy10": -285.4368932038835, "train_accuracyN": -2994.1747572815534}