{"train_loss": 0.30933526158332825, "_timestamp": 1711966194.6285915, "_runtime": 2293.0074574947357, "_step": 1899, "eval_accuracy0": 12.62135922330097, "eval_accuracy5": -108.7378640776699, "eval_accuracy10": -230.09708737864077, "eval_accuracyN": -2487.378640776699, "train_accuracy0": 7.766990291262135, "train_accuracy5": -142.71844660194176, "train_accuracy10": -293.20388349514565, "train_accuracyN": -3092.233009708738}