{"train_loss": 0.0060972715727984905, "_timestamp": 1711977158.510723, "_runtime": 13256.889589071274, "_step": 10945, "eval_accuracy0": 73.7864077669903, "eval_accuracy5": 68.93203883495146, "eval_accuracy10": 64.07766990291263, "eval_accuracyN": -26.21359223300971, "train_accuracy0": 74.75728155339806, "train_accuracy5": 65.0485436893204, "train_accuracy10": 55.33980582524271, "train_accuracyN": -125.24271844660196, "_wandb": {"runtime": 13829}}