{"train_loss": 0.0011452434118837118, "_timestamp": 1711894286.5387783, "_runtime": 11633.09309220314, "_step": 4423, "eval_accuracy0": 75.72815533980582, "eval_accuracy5": 70.87378640776699, "eval_accuracy10": 66.01941747572816, "eval_accuracyN": -24.271844660194176, "train_accuracy0": 69.90291262135922, "train_accuracy5": 50.48543689320388, "train_accuracy10": 31.06796116504854, "train_accuracyN": -330.09708737864077}