{"train_loss": 0.005053717643022537, "_timestamp": 1711888581.6875477, "_runtime": 5928.241861581802, "_step": 2527, "eval_accuracy0": 76.69902912621359, "eval_accuracy5": 76.69902912621359, "eval_accuracy10": 76.69902912621359, "eval_accuracyN": 76.69902912621359, "train_accuracy0": 74.75728155339806, "train_accuracy5": 69.90291262135922, "train_accuracy10": 65.0485436893204, "train_accuracyN": -25.24271844660194}