{"train_loss": 4.276127219782211e-05, "_timestamp": 1713234261.7607608, "_runtime": 12191.803946733475, "_step": 11049, "eval_accuracy0": 75.0, "eval_accuracy5": 75.0, "eval_accuracy10": 75.0, "eval_accuracyN": 75.0, "train_accuracy0": 78.84615384615384, "train_accuracy5": 78.84615384615384, "train_accuracy10": 78.84615384615384, "train_accuracyN": 78.84615384615384, "_wandb": {"runtime": 12871}}