{"trains": 0, "train_loss": 11.397478103637695, "_timestamp": 1711790647.616317, "_runtime": 32.473276138305664, "_step": 0, "_wandb": {"runtime": 40}}