{"train_loss": 0.010168268345296383, "_timestamp": 1711808479.9957404, "_runtime": 270.30515336990356, "_step": 288}