{"train_loss": 0.0279252752661705, "_timestamp": 1711811595.759968, "_runtime": 3386.0693809986115, "_step": 486, "eval_accuracy0": 61.98830409356725, "eval_accuracy5": -125.14619883040936, "eval_accuracy10": -312.280701754386, "eval_accuracyN": -19138.011695906433, "train_accuracy0": 62.87139449143353, "train_accuracy5": -120.38603339839513, "train_accuracy10": -303.6434612882238, "train_accuracyN": -168937.12860550857}