{"train_loss": 0.010168268345296383, "_timestamp": 1711808776.9759045, "_runtime": 567.2853174209595, "_step": 289, "eval_accuracy0": 61.98830409356725, "eval_accuracy5": -125.14619883040936, "eval_accuracy10": -312.280701754386, "eval_accuracyN": -19138.011695906433}