{"train_loss": 0.0013548006536439061, "_timestamp": 1717448931.7166378, "_runtime": 15415.973691940308, "_step": 9044, "_wandb": {"runtime": 20633}}