{"train_loss": 0.0002820301160681993, "_timestamp": 1712031034.596477, "_runtime": 6646.852967977524, "_step": 10945, "eval_accuracy0": 75.72815533980582, "eval_accuracy5": 70.87378640776699, "eval_accuracy10": 66.01941747572816, "eval_accuracyN": -24.271844660194176, "train_accuracy0": 11.650485436893204, "train_accuracy5": 6.796116504854369, "train_accuracy10": 1.9417475728155338, "train_accuracyN": -88.3495145631068, "_wandb": {"runtime": 7130}}