{"train_loss": 0.004183438140898943, "_timestamp": 1711872002.7582786, "_runtime": 3089.15141749382, "_step": 1263, "eval_accuracy0": 73.7864077669903, "eval_accuracy5": 68.93203883495146, "eval_accuracy10": 64.07766990291263, "eval_accuracyN": -26.21359223300971, "train_accuracy0": 72.81553398058253, "train_accuracy5": 58.252427184466015, "train_accuracy10": 43.689320388349515, "train_accuracyN": -227.18446601941747}