{"train_loss": 0.0033523666206747293, "_timestamp": 1711871101.8626425, "_runtime": 2188.2557814121246, "_step": 947, "eval_accuracy0": 74.75728155339806, "eval_accuracy5": 74.75728155339806, "eval_accuracy10": 74.75728155339806, "eval_accuracyN": 74.75728155339806, "train_accuracy0": 74.75728155339806, "train_accuracy5": 69.90291262135922, "train_accuracy10": 65.0485436893204, "train_accuracyN": -25.24271844660194}