{"train_loss": 0.00575666269287467, "_timestamp": 1711872909.1909363, "_runtime": 3995.5840752124786, "_step": 1579, "eval_accuracy0": 72.81553398058253, "eval_accuracy5": 63.10679611650486, "eval_accuracy10": 53.398058252427184, "eval_accuracyN": -127.18446601941748, "train_accuracy0": 76.69902912621359, "train_accuracy5": 76.69902912621359, "train_accuracy10": 76.69902912621359, "train_accuracyN": 76.69902912621359}