{"train_loss": 0.002465681405737996, "_timestamp": 1711959796.417133, "_runtime": 3211.6114950180054, "_step": 2525, "eval_accuracy0": 73.7864077669903, "eval_accuracy5": 59.22330097087378, "eval_accuracy10": 44.66019417475729, "eval_accuracyN": -226.2135922330097, "train_accuracy0": 74.75728155339806, "train_accuracy5": 65.0485436893204, "train_accuracy10": 55.33980582524271, "train_accuracyN": -125.24271844660196, "_wandb": {"runtime": 3831}}