{"train_loss": 0.0005060933181084692, "_timestamp": 1711976715.3476837, "_runtime": 7042.410499572754, "_step": 2471, "eval_accuracy0": 75.1219512195122, "eval_accuracy5": 55.60975609756098, "eval_accuracy10": 36.09756097560975, "eval_accuracyN": -724.8780487804878, "train_accuracy0": 75.1219512195122, "train_accuracy5": 60.48780487804878, "train_accuracy10": 45.85365853658537, "train_accuracyN": -524.8780487804878, "_wandb": {"runtime": 7940}}