{"train_loss": 0.0005738796899095178, "_timestamp": 1711955928.786425, "_runtime": 3206.0911881923676, "_step": 2525, "eval_accuracy0": 73.7864077669903, "eval_accuracy5": 59.22330097087378, "eval_accuracy10": 44.66019417475729, "eval_accuracyN": -226.2135922330097, "train_accuracy0": 75.72815533980582, "train_accuracy5": 70.87378640776699, "train_accuracy10": 66.01941747572816, "train_accuracyN": -24.271844660194176, "_wandb": {"runtime": 3846}}