{"train_loss": 7.810034730937332e-05, "_timestamp": 1712040142.2717657, "_runtime": 13362.790578603745, "_step": 10945, "eval_accuracy0": 76.69902912621359, "eval_accuracy5": 76.69902912621359, "eval_accuracy10": 76.69902912621359, "eval_accuracyN": 76.69902912621359, "train_accuracy0": 76.69902912621359, "train_accuracy5": 76.69902912621359, "train_accuracy10": 76.69902912621359, "train_accuracyN": 76.69902912621359, "_wandb": {"runtime": 13997}}