{"train_loss": 0.007024591322988272, "_timestamp": 1711881536.5724204, "_runtime": 5027.8657484054565, "_step": 2231, "eval_accuracy0": 73.7864077669903, "eval_accuracy5": 59.22330097087378, "eval_accuracy10": 44.66019417475729, "eval_accuracyN": -226.2135922330097, "train_accuracy0": 74.75728155339806, "train_accuracy5": 65.0485436893204, "train_accuracy10": 55.33980582524271, "train_accuracyN": -125.24271844660196}