{"train_loss": 0.00625058775767684, "_timestamp": 1711812172.2702904, "_runtime": 2367.4532663822174, "_step": 630, "eval_accuracy0": 74.46393762183236, "eval_accuracy5": -53.216374269005854, "eval_accuracy10": -180.89668615984405, "eval_accuracyN": -13025.536062378169, "train_accuracy0": 78.55750487329435, "train_accuracy5": -28.654970760233915, "train_accuracy10": -135.86744639376218, "train_accuracyN": -10921.442495126706}