{"train_loss": 0.002460034331306815, "_timestamp": 1711811921.153475, "_runtime": 2116.3364510536194, "_step": 586, "eval_accuracy0": 74.46393762183236, "eval_accuracy5": -53.216374269005854, "eval_accuracy10": -180.89668615984405, "eval_accuracyN": -13025.536062378169, "train_accuracy0": 77.38791423001949, "train_accuracy5": -35.67251461988304, "train_accuracy10": -148.7329434697856, "train_accuracyN": -11522.61208576998}