{"train_loss": 0.0015373401110991836, "_timestamp": 1711814516.2630315, "_runtime": 4711.446007490158, "_step": 1267, "eval_accuracy0": 76.60818713450293, "eval_accuracy5": -40.35087719298245, "eval_accuracy10": -157.30994152046785, "eval_accuracyN": -11923.391812865499, "train_accuracy0": 79.33723196881091, "train_accuracy5": -23.976608187134502, "train_accuracy10": -127.29044834307992, "train_accuracyN": -10520.66276803119}