{"train_loss": 11.851224899291992, "_timestamp": 1711949290.8081574, "_runtime": 18.592864513397217, "_step": 0, "_wandb": {"runtime": 18}}