{"train_loss": 0.006956346798688173, "_timestamp": 1711954181.1939943, "_runtime": 2543.9334032535553, "_step": 2525, "eval_accuracy0": 74.75728155339806, "eval_accuracy5": 65.0485436893204, "eval_accuracy10": 55.33980582524271, "eval_accuracyN": -125.24271844660196, "train_accuracy0": 74.75728155339806, "train_accuracy5": 65.0485436893204, "train_accuracy10": 55.33980582524271, "train_accuracyN": -125.24271844660196, "_wandb": {"runtime": 3138}}